master_id,service_id,rating,price
566,2,0,1702
1047,6,0,906
859,7,0,557
737,4,0,1767
835,5,0,1060
733,5,0,966
531,2,0,409
1036,5,0,495
1135,4,0,1476
611,1,0,590
732,7,0,821
148,2,0,385
158,2,0,948
88,4,0,1257
298,5,0,860
122,3,0,651
133,1,0,1914
1073,4,0,1268
1005,2,0,1300
217,4,0,1691
1073,5,0,1580
982,5,0,630
159,6,0,458
1142,1,0,634
987,7,0,1069
841,2,0,1475
686,1,0,931
337,4,0,1145
964,5,0,1440
773,5,0,1817
985,1,0,1664
430,6,0,807
1047,3,0,749
809,2,0,1891
198,4,0,1830
776,5,0,514
229,7,0,1815
1097,7,0,1743
370,2,0,509
796,5,0,1509
1025,6,1.5,1970
334,5,4,435
296,3,3,890
641,1,1,1407
1,4,1.5,1558
903,4,3,1497
1074,2,2.5,437
1129,5,2.5,1383
260,2,1,714
220,4,3,1615
62,3,2,822
90,7,4.5,637
139,5,3.5,1592
128,7,5,1917
700,1,3.5,476
519,3,2,913
710,1,2,354
840,5,1,494
256,4,3,1632
647,7,2.6666666666667,1407
130,4,2,1529
1047,1,1,690
656,2,2,1739
1068,4,3.5,1756
552,7,3,1841
573,5,1,1275
621,1,5,1338
231,2,1,654
759,5,1,1481
1131,4,3,1121
671,7,2,871
337,2,4,374
966,1,1,1455
496,5,2,1104
320,3,3,513
1048,4,3.6666666666667,1746
1027,7,3,561
402,5,1,1165
903,6,3,785
822,4,3,1966
630,1,2,695
557,1,1,565
126,4,3,991
420,6,2.5,1681
140,6,1,850
509,3,4,458
8,7,3,1997
89,6,2.5,1150
928,6,5,358
404,6,3.5,547
209,5,4,1454
1119,5,3,1949
836,1,4,963
382,7,0,1783
460,6,0,1662
948,7,0,1939
457,1,0,1526
581,3,0,1011
1099,4,0,739
543,7,0,875
928,7,0,1771
865,7,0,1138
636,2,0,1463
588,5,0,1275
1098,3,0,1916
464,5,0,1108
31,1,0,1623
276,6,0,1204
3,2,0,1552
984,7,0,901
355,4,0,1062
1005,1,0,1375
142,1,0,789
799,7,0,387
435,6,0,1044
2,4,0,1993
700,4,0,1699
880,6,0,1437
287,2,0,437
706,6,0,404
198,3,0,719
666,6,0,1516
263,7,0,903
813,1,0,751
125,2,0,1322
100,6,0,321
864,2,0,1895
481,1,0,416
992,6,0,604
847,7,0,1789
690,4,3,1708
470,1,5,1851
313,4,1.5,1338
815,5,3,774
345,3,3,1600
118,6,1,1783
12,3,3,1928
421,6,1,762
838,4,4,849
974,5,4.5,1045
718,6,3.5,1378
307,3,1,582
471,3,3.6666666666667,543
1012,2,2,1899
303,3,2,1065
357,2,2,382
85,2,1,406
750,2,3,1485
696,4,4,637
721,7,2,1810
10,5,2,1387
555,4,5,869
862,2,5,1167
711,3,2.5,510
587,5,3,1910
438,6,3,809
195,3,1,1358
906,7,3,916
609,1,5,1605
63,7,2,466
47,3,2.5,837
947,1,3,1119
126,6,2.5,1348
1031,4,2,416
497,4,3,529
64,1,2,1047
999,1,4,683
376,5,4.25,632
141,6,2,1797
195,5,3.5,323
44,3,4,318
553,4,3,904
572,3,3,420
271,7,3.6666666666667,370
51,7,5,1661
59,2,1.5,1826
976,1,5,1808
482,3,3,891
715,7,2,1299
415,7,2,844
176,2,1,417
348,1,2,350
21,2,5,1128
990,5,1,1487
996,2,2,1588
945,4,1,979
1013,4,0,1786
157,4,0,957
813,2,0,1326
878,5,0,1403
624,6,0,1765
472,7,0,1528
625,7,0,1903
360,4,0,1536
101,2,0,1475
586,7,0,1076
1004,4,0,995
680,3,0,438
523,5,0,1372
599,7,0,981
984,2,0,1403
121,1,0,1211
913,4,0,1495
1058,4,0,859
630,6,0,1300
801,6,0,747
875,6,0,801
807,4,0,1155
643,3,0,726
1087,3,0,1096
918,3,0,1239
27,1,0,1083
99,4,0,1081
250,7,0,1242
573,4,0,1548
920,1,0,569
378,6,0,1512
462,7,0,1493
1023,1,0,1224
355,3,0,1789
276,7,0,1752
2,3,0,1012
1081,6,0,1799
559,4,0,821
454,5,0,852
211,1,0,331
73,4,0,1223
482,6,0,632
1139,4,0,1475
864,4,0,306
781,5,0,1408
156,2,3,615
794,4,3,1392
299,4,4,1374
1049,3,2.3333333333333,1524
65,1,4,1541
643,5,2,461
57,7,2,1163
1039,7,3.5,1023
872,3,3.2857142857143,470
213,7,3,1634
795,7,3.5,1478
1,5,4.5,730
454,2,3,1473
342,7,1,1669
272,5,2,350
1038,6,5,301
344,2,4,644
244,1,3,1541
1017,3,3,1809
1130,6,4,431
479,1,3.5,1532
852,3,2,1573
944,1,4,903
1011,6,3,1126
1075,2,2,572
1103,7,4,1989
782,2,5,1156
941,2,3,1653
982,1,5,832
192,7,4,685
1002,4,2,1330
366,3,4,612
823,6,3,644
751,1,2.5,1263
902,7,5,1355
794,3,2,718
317,3,2.6666666666667,1483
234,7,2.3333333333333,366
424,7,2,1863
1016,6,2,1085
481,6,2,390
29,2,2,1654
167,3,3,1748
102,7,3,1298
185,3,4,623
989,2,2,955
763,7,3,1143
287,4,3,1109
820,3,0,1734
1144,5,0,1502
92,7,0,383
427,6,0,934
893,4,0,880
1066,6,0,1072
554,4,0,330
801,4,0,1534
937,6,0,1380
110,1,0,363
245,2,0,1561
201,3,0,1442
266,4,0,1217
105,1,0,1744
814,6,0,407
133,7,0,781
537,2,0,591
142,2,0,1173
49,2,0,692
318,1,0,561
377,4,0,573
652,7,0,1861
1040,6,0,1559
111,2,0,1042
645,6,0,1671
667,3,0,1221
549,1,0,555
484,7,0,1241
790,1,0,557
334,6,0,1929
129,4,0,907
484,1,0,427
1124,2,0,1631
274,4,0,1836
62,7,0,520
815,3,0,961
104,7,0,534
975,4,0,1168
304,2,0,532
731,7,0,1239
370,6,0,1786
405,5,0,871
648,3,0,1378
187,7,1,942
387,3,5,1862
403,7,2,867
948,2,5,1591
117,6,3,1381
511,2,2.5,576
529,7,3,812
378,7,2,1664
767,1,2.6666666666667,1962
280,1,1.6666666666667,1103
719,3,5,719
674,5,5,1635
858,2,3.3333333333333,1467
745,4,4.3333333333333,1477
677,3,2.3333333333333,1829
970,4,3,1415
499,2,5,976
973,6,5,1108
953,6,2,1633
205,5,3,309
364,1,1,1447
833,2,4,920
214,1,5,1640
491,4,3.6666666666667,987
41,5,3,526
525,3,5,1027
347,6,5,496
124,6,3,549
1104,5,1.3333333333333,1646
798,5,5,658
777,7,4,1074
646,2,3,1429
803,5,3,1788
753,1,3,1318
784,5,5,1822
442,6,1,1645
937,4,5,1154
154,4,4,1427
310,2,4,1290
83,5,2.5,959
197,7,1,1063
757,5,5,1327
884,6,5,1165
854,4,3,317
955,2,2.3333333333333,687
992,1,1,963
319,4,4,563
587,7,2,857
718,1,3.6666666666667,1966
811,2,5,1130
418,6,0,511
304,4,0,1944
980,2,0,910
1102,2,0,1544
502,3,0,1523
170,4,0,1683
866,1,0,1911
324,3,0,349
134,6,0,960
799,5,0,842
679,2,0,1982
1033,5,0,1205
515,7,0,1630
563,6,0,1096
945,7,0,1895
891,1,0,1173
520,3,0,546
122,4,0,1506
1048,5,0,532
268,2,0,1858
380,3,0,880
333,2,0,829
579,2,0,1660
584,6,0,747
84,3,0,1366
178,1,0,411
458,3,0,1266
469,3,0,1140
1145,5,0,841
550,7,0,532
818,5,0,797
1114,1,0,781
1026,3,0,1575
24,6,0,1176
396,6,0,724
381,5,0,554
441,2,0,585
472,1,0,821
892,3,0,1443
596,2,0,1776
883,6,0,1554
423,6,5,937
910,5,3,1956
1023,7,3,1050
561,2,4,997
673,3,1,499
358,3,5,1835
1,1,5,1265
344,7,3,668
290,6,1,1013
124,2,4,424
103,1,3,1006
591,5,1,875
1144,1,2,1981
110,3,3,1754
340,4,5,520
358,2,3,1725
646,4,4,1170
491,2,3,645
73,6,2,1194
1022,7,4,1771
158,6,3.5,1773
662,5,4,1869
951,6,4.3333333333333,1042
1076,1,3,344
186,2,3,1239
332,5,3,1355
646,6,4,1566
600,4,1,1862
391,4,2,1953
654,1,3,582
928,3,3,1803
848,3,3.8,1052
218,2,2,1317
1067,2,2.6666666666667,937
167,2,2.5,1463
210,1,3.6666666666667,1483
888,7,5,1833
140,7,5,1781
431,6,2,509
279,3,3,614
485,3,3.6,1211
699,5,2.6666666666667,473
206,3,2.6666666666667,1905
510,1,1,1973
559,3,1,956
620,1,3,1076
260,4,3,497
888,4,2,1829
505,5,1,1500
1077,6,5,534
317,2,4,1410
106,2,5,1925
1135,7,0,394
23,6,0,607
300,6,0,789
661,6,0,992
195,4,0,1005
643,6,0,1561
138,4,0,1312
91,3,0,1920
137,6,0,1019
9,1,0,847
146,2,0,1241
590,5,0,1518
222,6,0,1845
76,5,0,1522
740,6,0,1965
751,7,0,993
886,5,0,1649
875,3,0,795
1018,4,0,318
219,1,0,1457
536,3,0,554
279,5,0,832
480,3,0,600
936,3,0,1198
586,5,0,1761
13,1,0,1425
276,5,0,436
563,3,0,473
74,1,0,981
604,4,0,798
642,6,0,806
657,3,0,1934
7,7,0,1923
377,1,0,1310
812,7,0,855
505,7,0,1267
379,2,0,1767
425,3,0,1263
750,5,4,1683
808,2,1,967
1022,5,2,403
995,1,2,805
894,6,3,1310
619,1,2.5,445
141,1,2.75,404
971,7,5,1077
972,6,3.5,463
239,6,4,703
710,6,1,1577
235,1,3,1252
388,2,1,1406
622,2,2.3333333333333,1771
249,2,4,1574
989,3,2,1490
202,7,2,951
565,3,1.5,343
651,6,3,1403
781,7,2,1503
329,1,2.6666666666667,1944
178,3,1,1102
1098,1,3,1525
550,1,2.5,331
214,7,5,1810
852,1,1.5,1449
525,4,1,499
1091,4,3,1243
729,3,3.3333333333333,586
428,7,2.75,1048
315,5,1,1268
77,5,3,1118
444,6,3,1087
987,6,3.5,997
430,3,1,1455
235,2,1.5,1494
889,2,2.5,1674
1138,7,3,970
658,7,5,796
63,3,4,607
784,2,5,1571
705,6,3,948
176,6,5,1234
26,2,1.5,1609
447,2,5,1089
74,7,5,389
150,2,3,379
198,5,2,1260
915,6,5,1798
749,5,3.3333333333333,1761
68,7,3,1790
879,2,3,658
633,2,1,1116
457,6,2.75,570
400,7,4,1592
819,6,0,564
785,3,0,301
1119,6,0,1155
22,5,0,770
574,6,0,510
332,1,0,1766
494,3,0,365
39,7,0,897
950,1,0,1655
555,2,0,1453
133,4,0,1563
376,2,0,349
172,3,0,1441
148,4,0,552
893,7,0,1140
812,4,0,1159
109,2,0,1677
257,5,0,633
893,2,0,725
602,4,0,739
789,5,0,752
98,1,0,978
255,7,0,1521
331,3,0,1304
836,3,0,947
66,1,0,835
294,2,0,791
382,1,0,1258
695,4,0,645
147,1,0,1268
511,1,0,487
281,7,0,357
27,3,0,1720
452,6,0,565
812,1,0,1124
748,4,0,939
615,4,0,394
844,6,0,1322
757,2,0,725
588,6,0,1021
962,6,0,878
586,6,0,1855
673,1,0,1388
1014,5,0,450
21,1,0,1032
685,6,0,1873
327,7,0,860
408,1,0,1596
728,1,5,1064
395,2,3.5,475
539,4,1,1051
1028,1,4,1352
1025,5,3.5,1220
264,3,1,629
132,7,3,1397
516,4,4,1990
45,2,2,1873
746,2,4,1842
410,1,2.6666666666667,347
607,7,3,768
225,3,3,705
1054,5,4,1662
354,1,4,1770
105,3,4.5,955
259,2,5,831
783,1,4,625
597,3,1,497
722,7,3,946
758,7,3.5,1476
278,7,1,1868
127,7,3,1714
1112,1,4,1056
988,6,3,992
851,7,3.75,458
444,4,4,534
82,5,1,1320
675,7,5,442
1143,4,4.3333333333333,1277
853,5,4,1507
703,7,5,1722
507,6,2,1060
597,4,2,1405
482,2,1,692
570,3,2,1931
259,7,2,473
1045,3,4,1673
451,6,3,950
463,4,2.5,703
446,7,1,368
96,1,1,1934
511,6,4,1962
1057,5,5,1100
905,5,1,1403
474,1,0,1396
980,3,0,398
455,1,0,746
929,4,0,1341
21,4,0,1541
425,2,0,1029
298,4,0,1109
959,1,0,1449
470,2,0,838
120,3,0,1876
1010,4,0,1973
315,7,0,423
660,5,0,1365
563,1,0,1257
1122,2,0,1997
717,5,0,1764
620,4,0,1465
260,5,0,1209
511,5,0,423
242,7,0,1443
652,3,0,1701
187,4,0,1986
1088,7,0,1139
104,2,0,1348
691,3,0,1523
613,3,0,381
543,3,0,1277
123,4,0,998
436,3,0,913
682,6,0,1361
888,1,0,1931
593,5,0,423
40,1,0,1952
161,5,0,405
562,4,0,1738
923,4,0,587
1084,1,0,1216
339,1,0,1855
201,7,0,1742
1096,1,0,1867
441,3,0,1403
1089,3,0,1073
242,1,0,1220
51,1,0,1929
384,5,0,1450
160,6,0,1702
996,1,0,1347
227,5,0,361
655,6,0,1906
106,7,0,766
551,7,0,1046
887,7,4,1368
283,1,5,1965
129,6,3.5,1654
862,7,5,1373
493,1,2,1203
268,5,5,1246
573,3,1,400
85,3,4,1763
631,5,4,1256
372,7,2.5,388
582,6,5,1865
695,7,2,1566
1008,4,2,843
634,1,2,1619
526,2,1,715
41,2,2.5,1606
839,7,3,1071
88,2,1,443
471,1,5,610
846,1,1.5,1911
830,7,1,1444
577,5,4,605
1065,2,2,316
436,6,2,1197
506,2,4.5,1084
620,7,3,1560
92,6,5,925
429,5,3,1145
798,2,5,1753
1030,2,5,1685
820,6,5,1943
552,3,3,1105
156,1,4.5,1676
35,7,2,752
4,4,2,1720
385,4,3,1771
426,5,5,842
915,1,3,372
333,7,3,354
132,5,3.6666666666667,1865
286,5,3,1819
366,1,1,1439
218,7,2,1932
950,6,0,987
983,5,0,375
1047,7,0,1997
1070,1,0,1045
89,7,0,1752
675,1,0,994
685,4,0,979
2,1,0,1209
26,1,0,1241
717,1,0,1773
475,3,0,1105
1041,2,0,389
731,4,0,1339
40,6,0,535
18,1,0,1512
352,7,0,1686
543,4,0,812
474,7,0,1897
643,7,0,855
270,2,0,623
818,4,0,1165
1135,5,0,1538
68,1,0,1003
137,5,0,717
1002,5,0,885
5,4,0,1260
657,1,0,721
506,6,0,1104
909,3,0,1748
820,1,0,1324
481,2,0,860
1122,7,0,686
1072,2,0,1368
681,1,0,1428
579,6,0,642
1030,6,0,556
694,1,0,1368
232,4,0,1396
854,3,0,1085
782,1,0,1086
267,4,0,1746
1018,1,0,582
498,5,1,1581
616,5,3.5,751
82,7,2,1870
292,1,3,789
1073,1,2,1548
187,3,3,1625
254,2,4,1560
576,6,3,1979
547,3,2,1448
585,2,4,1915
1087,6,5,413
432,2,4,1142
1082,4,5,1064
247,2,1,521
861,6,2,1807
231,7,3,789
172,5,5,1839
473,4,1,1917
714,6,1,1009
1058,7,1,1676
241,4,2,1657
968,2,3,1446
660,4,1,923
15,7,3,1437
514,6,4,1734
789,4,2.5,1147
706,7,1,1061
742,5,2,1286
81,2,4,1960
79,6,4,1999
512,2,3,1363
739,6,3,347
578,7,2.5,1998
637,5,2,1053
678,6,4,357
209,7,2.5,455
82,3,2,956
899,6,3,354
419,3,3.6666666666667,1105
736,3,2.5,1572
357,7,2,1466
101,4,5,1010
444,3,3.3333333333333,814
805,6,3,1634
177,1,1,464
1126,4,2,358
1089,7,3,334
602,1,2.5,584
194,2,3.3333333333333,1150
949,5,3,1676
845,2,3,358
222,2,0,1738
544,7,0,462
1007,1,0,1553
306,2,0,1953
62,4,0,922
748,2,0,1536
46,1,0,1363
588,1,0,1315
1118,3,0,1655
287,7,0,763
984,5,0,442
231,5,0,1314
29,1,0,515
761,7,0,708
730,5,0,1649
143,4,0,440
483,6,0,363
812,5,0,1623
147,5,0,1830
528,1,0,1407
231,4,0,1389
67,6,0,337
855,5,0,1539
533,4,0,513
43,7,0,800
966,6,0,682
592,4,0,1344
552,2,0,1199
84,1,0,440
967,6,0,775
315,1,0,1375
654,7,0,1505
1071,1,0,1038
98,5,0,1305
738,3,0,669
367,4,0,981
765,3,0,1776
5,7,0,953
670,2,0,1259
617,4,4,1407
131,4,3.6666666666667,373
303,6,4,766
11,7,5,1183
495,4,4,1349
966,4,3,1788
723,2,3,1663
1023,4,2.5,594
877,2,3.5,684
503,2,3,490
840,2,1,1036
350,5,2,1210
582,2,2,464
253,2,4,1278
1069,2,3,1651
78,5,4,1950
1055,5,4.2,370
221,6,1,1730
982,4,5,1495
531,7,5,1500
241,5,2.5,1434
152,1,5,1053
332,3,2.6666666666667,325
25,5,3,944
656,5,5,1457
662,7,4.3333333333333,812
824,4,2,1429
950,2,1.5,337
1125,6,5,540
846,4,2,479
31,4,4,434
917,3,2.5,1481
414,5,1,1410
262,1,4,1648
306,5,4,1336
507,7,2,1799
322,2,4,1695
144,5,5,566
876,1,4,733
289,6,2,1298
510,4,1,1833
39,1,4,714
795,1,3,1248
307,2,4,1200
59,6,1,414
668,3,3,1517
532,5,3.3333333333333,574
963,7,3,537
14,2,1,1942
27,7,1,329
576,3,4,930
357,1,5,1014
787,7,1,983
696,3,5,1713
597,2,0,972
582,1,0,1862
1048,3,0,749
123,3,0,1811
765,7,0,1670
307,5,0,1372
986,5,0,465
494,1,0,1616
716,4,0,626
725,1,0,1844
674,6,0,855
888,5,0,810
1,6,0,672
121,2,0,1477
280,5,0,852
540,5,0,1417
828,2,0,450
397,1,0,1624
446,4,0,478
512,4,0,315
665,5,0,1893
208,3,0,1259
605,1,0,659
27,4,0,1007
148,3,0,831
1103,2,0,1004
704,4,0,720
634,4,0,1464
1122,6,0,335
630,5,0,1769
720,7,0,1541
950,7,0,588
268,1,0,651
542,1,0,340
600,6,0,1392
983,7,0,957
94,2,0,1863
181,2,0,1331
813,4,0,1688
230,6,2,831
1070,7,5,877
720,2,2,1543
908,7,2,724
630,2,4,1381
1015,2,1,1067
1046,3,2.5,455
128,5,2,574
938,7,2,1720
1081,7,3,752
726,3,4,1546
757,6,5,767
742,7,2.3333333333333,381
103,5,4.3333333333333,870
637,4,3,1850
44,6,4,1358
173,3,3,1939
721,4,1,548
22,7,2.6666666666667,1726
949,2,5,966
653,4,3,1325
478,1,4,841
149,5,3,1209
236,5,1.6666666666667,886
321,7,4,953
251,2,2,1254
560,1,1,1786
987,3,4,325
1083,5,2.5,1454
451,1,2.5,1272
661,1,3,840
905,3,5,689
477,6,2.5,849
78,1,1,1493
876,5,4,1658
197,6,1,1830
1046,5,3,735
142,5,2,1467
40,7,1,1261
115,3,3,702
13,6,4,872
393,1,5,605
692,7,2.2,1151
1009,3,2,1273
410,5,3.25,1781
601,2,5,1716
153,6,2,1718
292,3,1,1589
1001,6,2.6666666666667,912
837,3,4,1762
246,5,3.6,437
219,6,5,1478
342,1,4,836
991,3,3,1087
1116,1,0,992
1044,5,0,791
843,2,0,1347
291,1,0,1536
360,1,0,1255
140,4,0,1430
79,1,0,1626
636,6,0,1822
367,3,0,1042
1089,1,0,1371
893,1,0,587
1099,3,0,637
884,5,0,676
768,7,0,764
533,6,0,1407
915,4,0,1383
748,1,0,1119
654,4,0,744
800,2,0,1220
829,1,0,575
841,3,0,1024
434,3,0,1751
122,1,0,1865
572,1,0,743
374,4,0,356
111,4,0,1469
886,4,0,318
69,6,0,1628
796,7,0,1342
319,2,0,1043
833,5,0,1508
198,1,0,414
284,6,0,626
1004,5,0,713
346,1,2,1148
790,6,2,616
54,5,3.5,1520
397,6,1.5,656
1078,1,1,1956
5,5,1,1561
323,3,2,782
139,4,3,1536
776,2,3,542
793,4,2,624
386,1,4,1204
1005,7,5,987
355,7,3,1826
535,4,3,1250
430,5,1,874
95,6,1,1749
665,3,3.3333333333333,661
469,1,2.5,1840
323,6,4,1694
354,5,1,1448
1004,6,5,720
443,4,2,1426
631,3,1,774
205,3,2,1440
191,3,1,1209
255,4,3,1374
360,5,3,1702
381,2,1,1614
230,4,2,1919
717,6,4,1302
465,2,2,1998
1072,4,1,1238
523,1,4,320
1097,3,1,492
835,3,3,1875
135,5,2.6666666666667,485
489,3,5,476
528,7,4.5,894
1044,1,3,583
299,7,5,1231
687,5,2,1123
1052,6,3,1917
858,6,1,1419
769,7,3.5,771
1009,5,5,1008
228,7,4.6666666666667,1242
642,4,5,923
496,1,2,785
399,3,1,1061
898,4,1,1430
580,2,3,1497
458,6,2,1212
1055,4,2,1051
203,6,4,1921
203,2,4,973
809,7,1.5,1686
61,6,2.3333333333333,828
694,6,1,844
885,3,2,1799
1142,5,0,1928
100,2,0,322
1118,1,0,1157
1126,3,0,501
361,1,0,957
111,1,0,1556
384,3,0,351
228,2,0,1031
35,3,0,315
129,5,0,1245
116,2,0,378
698,7,0,1880
142,3,0,1848
763,3,0,1412
969,3,0,1445
586,1,0,907
582,3,0,1245
551,2,0,1939
738,2,0,1729
326,7,0,1356
342,5,0,1826
1146,6,0,1141
217,3,0,1580
176,4,0,518
633,5,0,538
1061,2,0,967
989,7,0,1797
1066,7,0,1469
97,3,0,1656
189,3,0,1167
108,4,0,977
954,5,0,1007
432,1,0,1836
226,5,4,1326
158,7,1,1742
632,7,3,348
840,6,2,869
841,5,5,1549
746,5,1.5,1345
726,6,1,785
243,3,1.5,1851
883,4,3,635
734,7,4,721
617,3,3,634
404,5,1,1541
113,5,3,1369
600,3,1,1822
1093,7,2,1408
706,4,3,1357
498,2,4,1709
911,7,2,369
699,7,3,1320
191,6,2,617
913,1,4,1424
282,5,3.5,1577
956,3,1,420
421,4,5,664
889,5,1,919
401,6,2.3333333333333,1861
589,5,5,1396
492,1,3,402
74,4,3,695
366,5,2.3333333333333,1869
841,1,1,945
130,6,4,1658
23,2,3,357
247,4,3,458
435,3,5,1818
786,6,3.5,505
1118,7,4,1783
384,2,4,925
1051,7,4.3333333333333,1718
215,4,1.5,416
498,1,5,758
947,2,4,448
97,2,2,1127
523,6,2.5,1275
507,4,4,471
948,6,2.5,571
200,3,3.5,1139
355,6,1.5,1986
405,2,5,1479
980,1,1,1680
1020,7,2,675
456,5,4,1182
387,6,4.5,1179
1063,4,4,911
475,4,3.25,1127
798,1,4,1999
217,6,3,1403
681,2,1,1105
942,3,5,730
224,1,1.6666666666667,652
1093,4,0,1879
252,4,0,821
208,7,0,437
470,5,0,1591
755,5,0,1271
586,4,0,1258
180,1,0,1954
554,2,0,857
186,3,0,726
632,4,0,446
182,4,0,636
31,7,0,1773
123,5,0,423
369,1,0,1251
185,6,0,1725
506,4,0,950
1053,2,0,1550
331,5,0,1814
367,6,0,1476
466,2,0,1319
157,2,0,993
816,1,0,1788
488,5,0,497
455,7,0,592
509,6,0,1136
554,6,0,997
1083,6,0,895
627,7,0,1796
883,2,0,313
704,2,0,1614
173,6,0,1469
227,3,0,1415
1117,3,0,366
559,1,0,1398
297,3,0,1110
1004,2,0,1175
516,5,0,710
346,6,0,518
737,5,0,602
1049,2,0,1850
135,2,4,1585
89,3,2,1580
313,3,2,1692
286,7,2,628
279,1,4,1278
155,7,4,628
138,7,2,1034
389,7,3.3333333333333,1405
744,6,1,873
796,1,5,598
527,5,4,1588
664,7,4,587
116,3,3,1768
509,7,5,1418
306,7,4,1430
245,1,1,1999
398,4,3,1903
682,2,5,791
963,3,4,973
183,4,4.5,878
349,2,5,1623
277,1,2,512
183,1,3.6666666666667,924
1112,2,4,1716
150,7,5,1851
905,1,1,1263
330,2,4.3333333333333,985
942,2,4,732
642,3,2.5,1606
907,2,4,1982
840,7,4,336
763,5,3,546
545,4,3,1021
193,3,3.5,1240
965,7,4,1444
632,1,3.5,1871
434,7,3,1736
899,1,2,1689
786,7,4,980
575,6,1,879
965,2,1,1598
1010,7,4,1016
768,3,4,1859
1088,2,3,1282
374,1,2,791
160,7,1,833
1104,3,1.5,1711
368,1,4.5,767
736,5,2,575
826,5,1,1234
420,7,3.3333333333333,1582
1088,5,2,748
155,5,3,977
709,3,0,1468
1029,4,0,1571
894,4,0,1455
454,7,0,622
446,5,0,475
1075,7,0,1770
547,6,0,756
645,5,0,437
720,1,0,961
439,1,0,776
1099,7,0,1452
235,7,0,1051
866,6,0,1866
190,6,0,952
175,7,0,1163
704,5,0,1215
838,1,0,542
901,7,0,1762
495,2,0,323
248,3,0,1791
907,6,0,1390
1056,1,0,1160
622,3,0,1224
1057,6,0,1543
322,3,0,1304
132,2,0,817
924,1,0,1453
212,4,0,1723
396,5,0,744
449,3,0,860
866,2,0,1483
559,2,0,779
747,7,0,327
548,5,0,1609
1116,3,0,1210
802,4,0,1821
570,2,0,739
803,3,0,759
595,4,0,346
170,5,0,1192
696,1,0,652
652,5,0,1259
1064,1,0,1477
632,2,5,1321
733,2,5,1384
1063,6,3,1974
961,6,2,1781
256,6,1,616
437,3,2,1724
1132,3,2.5,614
928,1,3,538
585,3,2.3333333333333,932
594,7,1,812
918,7,1,1789
590,7,2,1763
1096,4,3,1472
830,6,2,1285
824,3,5,792
1051,2,1,918
701,7,2.75,1679
804,1,4,424
1032,5,1,1438
466,3,2.5,919
751,2,1,641
982,7,3,1170
373,3,3.25,956
107,1,2,802
253,1,3,435
741,5,4.5,1432
701,2,4,1600
333,6,4,1597
1116,6,1,1279
633,1,5,1370
400,3,1,308
674,1,2,1031
1014,3,3,456
396,7,4.5,1224
727,1,3,1807
807,2,2,1417
553,2,3.5,1030
1140,2,2,622
353,4,5,1954
1017,5,5,1480
244,6,3,1534
957,1,3.7142857142857,994
960,4,2,663
522,1,3,394
207,1,1,1361
638,6,1,1263
72,4,3,1882
567,6,5,472
648,4,3,1843
727,4,4,1948
886,6,0,1499
47,7,0,1081
1034,3,0,983
811,4,0,1677
689,7,0,417
777,2,0,1800
26,6,0,1131
616,2,0,597
143,7,0,495
293,3,0,1746
178,6,0,1918
580,6,0,1929
539,2,0,625
370,1,0,988
267,7,0,1181
469,6,0,1009
644,3,0,934
318,7,0,1601
886,2,0,1299
717,4,0,743
34,4,0,1494
154,1,0,1017
454,3,0,1452
1085,7,0,1446
771,7,0,1116
369,2,0,1497
386,3,0,1598
1033,6,0,1847
1010,2,0,409
409,7,0,814
633,7,0,1775
227,2,0,1321
1072,5,0,1789
680,2,0,643
144,4,0,479
229,1,0,1865
1109,6,0,714
88,6,5,1456
99,5,3,1132
660,1,3,1295
870,5,3,324
15,1,2,1662
434,5,4,1302
240,3,2,1969
748,7,4,1827
904,6,1,805
844,7,1,1240
1028,7,3,931
912,6,2,1712
892,2,2,678
443,6,3.5,1780
1029,7,3,445
549,7,2,1138
1043,1,3.5,1316
905,7,1,774
282,7,2.3333333333333,1906
341,3,2,636
113,4,4,1595
537,1,1,1802
1018,2,1,1671
507,5,3,1648
1013,5,4,1516
670,7,1,1661
593,3,1,841
775,1,3,1560
323,7,4,1749
99,7,4,334
760,7,1,1435
477,5,1,546
399,7,4,1094
329,6,5,1409
464,1,5,1497
1128,4,2,900
615,3,4,1841
978,1,1,1374
971,6,2,1815
1002,7,4,1296
406,5,4,1758
309,6,1,1384
431,1,4,347
771,6,2.3333333333333,751
312,6,3.5,863
805,7,3,432
95,3,3,957
224,7,3,1096
832,5,4,473
267,6,3,1379
530,4,4,920
673,2,1,1062
959,3,3,510
181,7,3,1632
208,5,2,780
328,7,2,1334
1045,4,0,1034
263,5,0,436
494,4,0,1907
914,2,0,1236
348,2,0,947
836,4,0,1554
158,5,0,906
461,3,0,1379
88,3,0,1252
318,3,0,627
347,4,0,865
888,2,0,1922
410,3,0,1303
908,6,0,1361
525,1,0,1374
522,7,0,1931
360,3,0,996
638,4,0,564
438,5,0,922
732,4,0,487
818,1,0,1223
702,4,0,1845
266,5,0,1847
864,7,0,497
54,6,0,1424
792,4,0,344
79,3,0,1692
795,2,0,1043
960,1,0,341
169,7,0,1919
480,7,0,1673
802,6,0,1896
510,2,0,1399
953,5,0,1758
294,4,0,1557
313,5,0,1530
248,6,0,322
487,3,0,1502
382,4,2.5,1782
348,7,5,319
414,7,1,301
815,7,5,305
1003,1,2.3333333333333,1084
605,6,1.5,1695
442,2,3,1842
681,5,1,759
669,6,4.5,1230
651,1,5,668
103,7,3,601
228,3,1,1372
287,5,3,1254
84,5,4,1896
1040,4,5,1231
171,3,1,622
278,3,2.3333333333333,1425
273,5,2,1607
52,7,2,1978
986,7,5,601
194,7,3,1680
410,7,5,1436
1108,1,3.25,681
638,2,2.5,671
1105,5,1.75,1688
2,7,5,1335
1109,7,2.5,1304
753,3,5,1397
966,3,1,345
881,2,4,1271
20,2,3,803
65,4,1,1393
526,4,4,1139
815,1,5,1355
460,3,3,1857
1095,6,1,840
343,4,3,1871
818,7,3.5,1409
767,4,3,420
1067,4,4,1179
927,3,3,1561
42,2,1,531
275,3,2.3333333333333,1261
644,6,3.5,1383
751,5,3.3333333333333,1148
124,5,4,966
528,4,2.5,1115
257,1,3,737
830,3,5,838
959,4,3,1241
981,3,1.3333333333333,1046
1077,1,2,1390
456,3,4,1967
1027,6,5,1146
290,4,3,1739
370,7,0,476
644,2,0,389
577,4,0,1906
412,5,0,1533
723,6,0,1569
535,2,0,1220
781,4,0,607
369,5,0,307
216,7,0,1829
1088,1,0,341
1102,5,0,1298
1143,5,0,1983
1091,2,0,1829
185,4,0,1022
653,6,0,1892
668,2,0,1116
1117,4,0,818
3,5,0,1035
58,7,0,1973
516,3,0,624
468,4,0,555
934,4,0,1881
546,7,0,1159
371,3,0,1158
764,5,0,867
627,6,0,1048
946,1,0,1547
352,3,0,1356
170,2,0,1768
114,7,0,1456
353,3,0,1638
121,3,0,371
71,1,0,604
492,7,0,1061
1028,3,0,1600
138,6,0,338
535,5,0,1023
11,3,0,1498
255,1,0,636
853,4,0,948
82,1,0,392
689,3,0,1420
502,5,0,1220
540,3,0,1647
1084,5,0,1554
620,6,0,1056
30,1,3,1600
776,6,3,1055
135,6,5,856
229,5,5,1870
435,4,4,1272
873,6,2,954
489,1,3.5,590
919,4,2,1902
451,5,1,1470
533,5,3,1427
454,1,3,442
295,6,3,807
229,2,5,944
940,7,3.3333333333333,1568
917,7,3,882
115,7,3,1610
48,5,3.1666666666667,1721
418,7,3,413
538,6,1,1219
459,3,2.6666666666667,1197
334,1,2.3333333333333,1843
72,2,2.6666666666667,596
780,5,3.5714285714286,1707
505,2,4,926
887,5,3,367
107,4,4,1729
118,3,2,981
575,1,4,1399
686,2,3,1366
508,7,4,755
621,2,2,397
1013,3,5,820
457,7,2,1197
174,2,3,370
168,1,2,475
254,5,4,469
593,1,3.5,571
109,7,2,1417
393,2,3,619
686,6,3,1838
40,3,3,1837
1143,3,3,572
1042,2,2.5,1461
736,2,3,1765
1136,5,2.6666666666667,1182
862,5,2.5,1925
625,4,4,404
678,7,0,1528
2,2,0,1901
875,2,0,445
861,7,0,1685
1024,1,0,1645
257,2,0,326
685,3,0,1001
180,4,0,1647
292,4,0,1330
267,5,0,1900
102,3,0,1660
55,5,0,1756
230,3,0,403
104,4,0,1693
763,1,0,1010
58,2,0,1467
325,6,0,685
245,7,0,1754
969,5,0,322
335,6,0,1367
35,2,0,1151
524,4,0,528
904,3,0,1513
566,7,0,974
201,4,0,419
609,5,0,527
1037,1,0,904
290,1,0,729
291,7,0,968
651,4,0,929
207,7,0,1566
1086,1,0,1957
19,4,0,1649
954,3,0,1647
900,4,0,1007
573,7,0,606
176,1,0,401
952,4,0,1294
1123,7,0,987
5,2,0,1623
508,6,0,1516
978,2,0,549
50,2,0,901
234,4,1.3333333333333,1984
324,5,1,1636
352,1,1,1464
606,3,2,1390
831,2,3,1352
215,7,4,1460
911,6,3.5,1675
807,7,5,898
1113,2,2.6666666666667,879
1060,2,3,1302
752,1,4,979
610,3,4,1088
560,2,3.6666666666667,1855
375,3,4,1397
501,4,2.5,1415
946,2,2,1731
605,7,1.5,339
831,3,4.3333333333333,537
912,2,4,1783
17,7,5,1199
857,5,2,1325
497,1,4,737
847,3,3,650
267,3,1,1234
9,5,5,352
978,7,1,576
773,7,2,509
792,3,4,1596
842,1,5,1992
1020,1,1,545
1130,2,2,1897
411,2,4,472
938,2,5,1092
811,3,2,407
256,1,3,1136
322,5,2,1622
382,3,1,1530
136,7,2,972
932,6,2,815
986,2,5,1405
31,6,3,325
399,4,3,1104
464,7,3.5,1224
720,3,4,1938
429,7,2,1986
217,5,4,1284
312,4,2,580
701,5,5,1641
834,7,2,495
67,5,4,834
647,1,0,1039
514,5,0,612
915,5,0,1065
500,7,0,1563
492,6,0,413
663,2,0,1544
75,1,0,1881
542,2,0,662
889,4,0,1286
424,1,0,754
562,2,0,784
813,5,0,1510
1128,7,0,1095
627,1,0,1836
849,3,0,894
641,3,0,1800
697,3,0,441
952,2,0,1800
248,5,0,684
393,4,0,992
512,6,0,395
938,5,0,367
426,1,0,379
948,4,0,563
906,4,0,1545
679,6,0,1793
337,7,0,1392
479,6,0,1870
207,2,0,666
973,4,0,1294
251,5,0,1337
274,1,0,805
901,2,0,772
819,3,0,428
820,4,0,1045
731,2,0,1303
133,3,0,1918
556,3,0,589
319,3,0,1784
650,5,0,1629
667,2,0,1672
371,2,4,775
557,5,2.6666666666667,1664
479,2,4,754
634,3,2,1566
1111,2,2,447
629,2,3.3333333333333,1848
392,1,4,1832
967,7,5,786
723,4,1,605
1054,7,3,447
919,2,2.5,718
314,1,3.3333333333333,556
820,7,4.3333333333333,941
448,4,1,426
658,2,2.25,1715
221,1,1,541
1069,3,2,1170
270,4,4.5,978
873,4,4,1646
599,2,3,936
143,6,2,896
870,4,5,1160
968,1,3,1909
1027,1,3.5,1296
212,2,2,553
532,6,3.5,966
254,4,1,1851
1110,2,2.6666666666667,1695
1006,3,1,631
11,1,3,1723
759,3,3.5,1816
223,7,3.5,1666
315,4,5,384
806,6,4,698
422,5,4,1282
671,1,2.75,958
170,3,1.5,917
526,3,2.5,1430
1014,4,4,1592
34,3,3,1670
607,2,4,1448
978,5,3,1971
507,2,5,643
134,5,4,1038
972,5,1,1460
1111,1,2.5,1000
1034,1,3,1005
962,7,3,324
810,6,3,1749
1038,5,3,1879
16,1,3.5,380
191,5,1,1555
881,6,0,390
829,7,0,1201
37,2,0,1386
890,1,0,1451
756,3,0,1605
89,2,0,1686
81,6,0,836
127,1,0,1665
516,2,0,1860
400,6,0,1073
637,3,0,1228
1012,6,0,1716
903,1,0,1459
696,6,0,554
39,4,0,885
586,2,0,1374
459,2,0,597
1069,5,0,1414
170,1,0,1066
1061,4,0,1594
551,1,0,1221
1111,5,0,1238
937,2,0,806
78,7,0,1354
1034,6,0,1820
890,5,0,1427
1125,7,0,1265
628,1,0,876
380,7,0,585
67,7,0,1087
992,2,0,1606
97,4,0,1456
325,4,0,341
822,5,0,641
949,4,0,1563
807,6,0,1147
72,6,0,765
173,7,0,801
571,1,0,519
62,5,3,738
1106,4,4.5,641
756,6,4,767
404,1,3.6666666666667,615
429,1,1.75,497
398,7,4,1345
276,2,2.5,1899
416,6,1,1969
714,7,3,760
546,4,1,1106
1139,3,3,1936
137,1,1,356
1016,5,2,770
162,2,1,1648
914,5,2,838
898,1,3,915
785,5,5,966
920,3,3.3333333333333,901
1101,2,2,1490
609,4,1,1419
458,2,2,1229
834,6,2,1839
102,4,3.3333333333333,928
619,4,2.5,1113
694,2,5,1900
138,1,3,1630
30,2,3,1810
672,2,5,541
508,2,1,829
1126,2,1,769
1067,7,3,343
271,2,5,515
971,4,2,1760
1120,7,1.5,1059
185,2,2,1223
698,6,5,790
761,5,4,1232
517,3,1,1408
681,4,5,1254
235,6,1,1044
568,4,3,1551
1079,5,5,1680
1101,3,1,1905
159,3,4,1110
934,3,2,1454
1092,6,5,1819
962,4,5,432
168,2,1,514
46,5,5,1854
12,4,3,1111
177,2,3,401
478,6,2,1737
1133,6,4,337
764,2,2,1908
422,2,0,783
39,5,0,671
245,3,0,1624
919,7,0,885
298,1,0,1770
1082,6,0,1585
995,3,0,602
1062,4,0,1387
590,2,0,1491
593,7,0,1470
1099,6,0,1185
195,7,0,1371
62,1,0,630
986,4,0,1949
301,5,0,817
646,3,0,1469
792,2,0,1774
846,7,0,391
1065,6,0,1990
974,7,0,508
950,3,0,896
1031,1,0,919
596,1,0,1960
1035,1,0,1961
772,6,0,338
727,2,0,1678
399,2,0,1330
631,2,0,1612
601,7,0,836
254,3,0,443
582,7,0,490
719,5,0,1356
473,1,0,1404
737,1,0,1158
812,3,0,1242
177,3,0,390
131,5,0,1560
387,7,0,337
117,3,0,1032
696,7,0,1507
865,1,0,1741
589,2,0,1527
98,4,3,1902
868,1,1.25,850
810,7,3,1906
250,5,5,1059
373,6,1,662
293,4,2,771
306,3,1.6666666666667,1389
761,4,3,1616
832,2,4,542
840,1,2,1137
1008,1,2.5,617
831,4,2,1151
351,5,5,675
174,7,2.4,383
976,3,4,412
983,3,3,1765
196,4,2,976
807,5,4,1616
1052,2,2,1129
932,7,1,867
431,3,1,1399
558,5,2,755
438,1,2,1702
764,4,4,1761
992,3,1.5,437
679,3,3,1325
906,5,1,1878
47,4,2.5,1402
380,1,3.5,1650
233,5,3,445
891,4,2,1563
842,3,3.75,815
719,7,5,346
1032,4,5,917
809,6,3,1819
61,1,2.75,1131
248,4,2,647
117,5,3,668
353,1,5,1469
44,4,3,1729
255,6,1,1792
526,5,2,840
956,7,1,1623
843,4,1,1582
728,3,3,1433
184,3,3,1201
390,1,3.5,1853
792,6,4,1276
627,5,1,718
755,4,2,1078
8,3,2,1424
55,2,0,1376
1069,1,0,1543
916,6,0,1819
1077,3,0,991
1066,4,0,569
92,3,0,1304
510,7,0,571
740,2,0,1870
20,5,0,1352
1030,7,0,627
76,1,0,1356
981,7,0,1248
1072,3,0,1888
1115,5,0,731
109,3,0,1380
521,4,0,713
460,1,0,1078
360,2,0,1913
34,6,0,1717
50,6,0,1162
407,7,0,1176
871,4,0,933
913,7,0,1642
1014,2,0,1562
702,6,0,782
963,6,0,1575
122,5,0,525
22,2,0,1368
381,7,0,1772
588,2,0,337
891,6,0,1742
11,5,0,889
1101,5,0,968
76,2,0,571
286,4,0,696
430,4,0,1998
59,5,0,1080
1037,2,0,481
605,3,0,1410
537,5,0,868
907,1,0,887
1082,2,0,969
644,4,0,1673
925,2,0,1703
924,5,0,855
45,4,0,1112
58,1,0,1341
643,4,0,1987
619,7,5,761
260,7,2.5,1569
1037,5,5,1517
513,4,3.5714285714286,1711
859,2,2,1120
1123,2,1,1693
990,1,3,1585
486,3,4,1863
231,6,5,627
561,3,3,1238
761,2,3,1354
285,2,2.5,312
886,7,3,760
713,2,3,1492
867,3,2,770
1139,5,2,573
416,2,3,1585
356,4,2,1411
448,6,2.5,1175
452,4,4,635
476,5,3.5,1179
120,1,2,454
417,4,2,855
716,2,4,990
1033,7,1,1490
458,7,5,485
421,5,4,1071
762,7,3,1348
816,4,3,795
857,7,4,1653
339,7,5,1741
285,4,2,927
869,6,3,1518
765,5,2.6666666666667,1753
946,4,4,1308
105,4,1,453
727,6,1,788
467,4,4,459
521,6,4,1222
769,6,2.5,1935
893,3,1,992
646,7,2,1994
716,5,3,736
1100,6,2,662
417,6,3.5,354
181,5,0,1033
720,5,0,1379
33,3,0,1407
20,1,0,838
1041,4,0,1642
460,5,0,373
198,7,0,1228
45,5,0,1038
413,3,0,957
347,7,0,881
55,3,0,1625
540,7,0,1963
787,3,0,600
333,4,0,1795
507,3,0,1229
592,5,0,1378
895,2,0,683
551,4,0,853
822,6,0,1108
298,6,0,665
493,4,0,793
1035,5,0,1681
672,6,0,1727
1114,6,0,907
542,5,0,1507
434,6,0,515
768,2,0,752
773,1,0,1358
445,5,0,999
38,7,0,736
1142,7,0,1759
808,6,0,304
88,7,0,1777
371,1,0,1017
776,7,0,1415
907,4,0,373
259,6,0,877
214,6,0,641
75,7,0,1184
722,1,0,1306
754,4,0,694
64,7,0,768
323,4,0,1629
488,1,0,1970
991,2,2.5,1825
424,4,4,1861
711,1,4,449
713,7,3,1944
240,4,3,516
1050,7,2.5,308
986,6,5,766
724,1,3,1235
362,2,3.5,1035
659,6,3.5,1464
111,7,5,1131
1036,7,3,364
525,2,3,1845
680,7,3,1385
641,5,2,1187
927,5,2.5,1072
732,2,1,1427
366,7,4,1508
496,2,5,300
733,1,2.5,1293
520,4,3,540
347,5,3,1406
633,6,3,792
202,1,3.3333333333333,1362
69,7,2,1727
221,2,1,428
37,3,3,821
1133,4,2,313
956,6,4,338
1035,6,2.5,1156
963,4,2,1149
804,7,4,992
64,3,3,1751
69,4,2.3333333333333,1437
669,2,5,503
683,6,3.5,1886
1086,2,5,345
200,4,3,1464
969,2,1.6,670
1103,4,3,1094
639,3,2.5,432
1089,6,5,1030
284,1,2,421
1079,3,1,1417
204,4,3,458
308,3,2,1172
56,6,1,914
519,7,2,1628
867,6,5,702
379,4,0,545
1134,2,0,1379
725,5,0,369
708,2,0,1994
1003,2,0,1921
1012,7,0,947
366,4,0,1647
1058,3,0,1258
492,5,0,1752
476,2,0,944
97,6,0,1908
265,1,0,940
585,5,0,449
207,4,0,1797
996,3,0,1206
650,3,0,979
566,3,0,455
9,3,0,1837
45,3,0,558
888,6,0,1826
419,7,0,1652
452,2,0,497
623,6,0,568
289,1,0,1526
787,5,0,1823
315,6,0,1802
1056,6,0,1459
169,2,0,1985
632,3,0,1872
565,6,0,1744
611,4,0,1556
879,6,0,1787
597,7,0,521
589,6,0,388
107,3,0,1141
1034,7,0,1733
492,2,0,1308
1012,3,0,1153
19,2,0,1464
738,6,0,1500
542,7,0,450
168,3,0,891
231,1,2.5,441
954,7,4,814
686,3,5,1321
365,7,4.5,1916
27,6,2,1997
127,5,2,1194
877,1,2,1969
634,6,3.5,1293
741,4,4,1923
370,5,3,842
518,4,1.5,1571
13,7,4,1188
343,7,3,908
479,5,4,1709
360,6,3,1477
930,2,3,933
894,5,3,1331
722,5,4.5,780
939,1,3,1095
18,2,3.5,1775
86,5,2,346
207,6,5,437
290,3,3,1014
390,6,4,1192
886,3,5,1869
119,5,1,340
538,1,3,1327
521,3,3,732
176,7,3,378
79,2,4.5,856
143,2,2,1180
1009,6,1,318
711,5,4,1224
695,1,5,1924
131,6,1,1559
1063,5,3,1839
788,4,2,712
239,4,5,768
554,1,3,934
95,4,1,1111
900,3,4,1941
1125,3,3,1969
511,4,1,1368
1116,4,1,922
449,6,3,963
672,4,1,1952
1058,6,3,653
513,3,3,340
277,3,1.5,418
542,3,5,1906
438,7,5,736
1019,3,0,553
32,3,0,399
924,7,0,1435
20,7,0,1202
121,6,0,1792
782,3,0,722
109,4,0,441
422,1,0,1058
13,5,0,1860
270,5,0,429
356,3,0,1990
725,4,0,1604
1090,7,0,1766
1033,1,0,899
707,7,0,1853
328,2,0,435
1142,4,0,397
426,6,0,1332
16,2,0,325
942,5,0,1418
239,2,0,1125
416,4,0,767
455,4,0,1872
852,6,0,482
515,2,0,1471
667,7,0,1734
447,4,0,1601
1145,4,0,490
381,4,0,623
669,3,0,1811
18,7,0,579
850,3,0,1187
1127,6,3,1874
656,3,2,1839
941,7,5,554
184,7,2,540
462,1,2,1428
712,5,3.5,321
591,6,5,726
874,1,2.75,426
607,6,3.75,1253
1040,5,2.6666666666667,1199
775,6,5,901
269,2,4,363
647,3,2.6666666666667,876
857,3,2,1400
232,6,3,433
1086,3,2.5,1381
1077,4,2,1200
584,4,2,527
84,7,5,1823
296,4,5,1226
703,3,2,1991
541,7,4.5,1759
373,7,2.75,1553
878,3,4.6666666666667,769
845,1,4,441
624,7,5,979
837,5,1,575
342,6,4,678
179,6,1,1344
316,7,2,1960
931,2,4,1566
497,5,4,855
534,2,1,1692
732,5,5,708
258,4,4,1071
175,3,4,425
536,1,4,1690
250,4,2.5,1791
33,7,1,501
579,5,4,638
431,7,4,948
836,2,1,881
254,7,5,933
867,2,3.6666666666667,1152
559,6,3,498
851,1,5,891
381,6,2,1739
401,3,2,900
355,5,4.5,1999
578,3,3,908
871,3,2.5,948
914,4,3,474
309,3,2,1893
1054,3,5,1974
379,5,3,1120
514,3,1,1303
799,3,2.3333333333333,451
190,4,2.5,845
835,1,3,1794
583,1,4,1015
199,2,4,1552
1014,7,0,683
1124,1,0,1558
440,4,0,455
885,1,0,439
555,5,0,551
332,2,0,896
705,3,0,1079
797,1,0,1968
841,4,0,1882
465,5,0,673
953,3,0,1814
257,3,0,1300
535,1,0,585
1033,4,0,1047
51,2,0,534
722,2,0,1180
639,5,0,1239
35,1,0,874
879,3,0,477
155,4,0,1465
140,3,0,1149
333,5,0,396
232,5,0,1411
505,4,0,1538
998,4,0,1161
758,5,0,1886
934,1,0,1151
159,1,0,953
157,6,0,920
169,4,0,1843
786,1,0,1070
672,7,0,1935
52,1,0,1251
708,1,0,928
941,6,0,1499
612,3,0,922
845,6,0,1713
116,6,0,1527
326,1,0,1131
412,2,0,469
235,4,0,1520
1080,7,0,744
484,3,0,1167
292,2,0,1526
479,4,0,407
1016,1,0,665
874,7,2,323
563,7,3,1319
707,4,1,973
699,2,2,876
1056,4,4,1943
642,1,1,376
787,4,3.3333333333333,1301
129,2,3.5,777
1037,6,1,816
899,7,5,1883
715,4,2,1136
180,7,1,1228
140,5,3,1786
1049,4,3,1902
912,4,3,675
1142,2,3,1905
602,7,5,1873
482,7,5,1041
112,1,3,1069
652,2,4,376
710,7,2,1557
960,2,4.5,912
111,6,4,1168
150,3,1,318
1031,5,2,1830
1059,6,2.6666666666667,656
702,2,2,359
544,3,3,1861
908,5,4,1869
1025,2,2,1650
182,6,4,1848
459,1,3.5,1239
571,4,1,991
561,1,2,1707
935,6,5,1138
775,7,5,1683
205,2,2.5,1145
248,2,1,395
106,3,3,359
765,1,2.3333333333333,1339
823,3,1,1626
86,4,2.5,1757
262,3,5,682
1112,7,1.5,545
1005,5,3,1820
418,5,1.5,964
302,1,1,1992
1021,2,0,1939
326,5,0,1893
453,5,0,532
1084,3,0,453
954,6,0,1670
344,6,0,1635
185,5,0,777
204,1,0,1723
242,6,0,1604
19,1,0,782
839,1,0,474
879,1,0,575
292,7,0,1180
29,6,0,1934
431,2,0,711
216,5,0,1900
871,5,0,1648
846,3,0,454
397,3,0,1398
550,6,0,832
202,6,0,690
300,7,0,1330
954,4,0,1975
55,6,0,402
71,6,0,1306
483,2,0,744
461,1,0,659
881,3,0,354
569,4,0,1402
199,4,0,1473
582,4,0,584
683,7,0,512
476,6,0,862
136,1,0,1924
262,4,0,1376
247,5,0,1249
19,7,0,1356
291,5,0,438
935,4,0,784
516,6,0,604
1002,2,0,893
935,7,0,1788
663,6,0,1334
75,3,0,638
611,5,0,1989
3,6,0,720
211,2,3.6666666666667,1144
864,5,2,1387
929,5,1,1042
183,3,1,416
213,2,5,452
455,2,1,1790
882,3,2,1568
1128,1,3.5,1994
659,7,4,1758
544,5,1,856
754,6,2,1197
834,2,2,934
1045,7,2.6666666666667,591
340,7,2,1966
710,2,5,629
349,3,3.6,624
541,2,3.6666666666667,798
197,4,3,1177
514,2,5,1497
993,3,2.5,747
269,7,3,1376
926,5,3,1395
85,4,2,632
665,7,3,494
670,6,1.5,1762
458,1,5,319
255,5,2,1843
564,5,3.5,519
326,6,5,1441
972,3,3,1094
311,2,4,1639
218,6,5,718
514,7,3,749
798,3,5,1130
1027,4,2,411
165,4,3.8,1368
519,1,4,1532
1034,4,3,584
881,4,3,1385
167,5,1.6,1487
386,6,1,854
382,2,4,1462
362,7,2,1403
965,6,2,393
501,3,2.6666666666667,985
225,7,2,682
568,3,2,1554
816,5,0,1576
545,6,0,1135
326,2,0,1812
297,4,0,1503
697,6,0,1829
551,5,0,1432
882,6,0,1853
614,5,0,364
950,5,0,989
465,7,0,1318
467,3,0,1287
954,2,0,1072
901,3,0,1452
650,1,0,468
790,4,0,1374
7,4,0,530
932,2,0,832
1123,1,0,1644
1111,7,0,1267
796,2,0,415
1101,4,0,379
256,3,0,1593
170,7,0,1232
727,5,0,1321
1080,5,0,549
910,7,0,1504
715,5,0,1016
777,3,0,545
727,7,0,558
1055,6,0,540
739,4,0,752
334,7,0,891
740,3,0,1227
375,7,0,1581
486,2,0,561
675,2,0,1230
993,6,0,1765
291,3,0,1144
125,5,0,1946
181,6,0,1002
23,3,0,784
372,4,0,1911
256,7,0,1182
923,7,0,894
433,5,2.3333333333333,1525
127,6,1,1115
743,7,1,495
232,1,1,473
1049,7,3,302
920,4,3,1188
1024,5,2,1970
240,7,1,1461
808,3,5,1057
959,6,3,562
75,5,3,1231
468,5,1,1675
119,4,2.5,941
144,1,2,1171
1097,4,2.5,1237
1031,3,5,1216
9,4,2,1997
113,1,3.5,1972
970,3,5,1123
460,7,2,588
1056,7,1,517
73,2,2,1817
163,2,3.875,1122
1087,1,3.3333333333333,1504
1136,7,3,1488
779,5,5,1027
773,3,3.5,1389
1123,3,3,652
43,5,1,1415
489,4,2,926
914,1,1,902
797,5,2,1687
164,6,3,322
189,6,2,1781
981,4,4,1421
1022,3,2,1484
144,3,1,333
222,1,2,1118
1118,5,3,928
863,3,4.5,313
6,6,3.4,1566
970,1,2,1767
769,2,5,1308
90,6,5,856
202,4,1,775
128,4,2,1586
1146,2,4,922
693,5,2,1501
857,4,1,826
725,6,0,878
17,4,0,1082
304,1,0,1306
925,4,0,1470
301,2,0,344
55,4,0,1422
928,2,0,1039
316,3,0,1354
494,6,0,744
730,2,0,1663
316,1,0,994
819,4,0,1969
253,7,0,1472
188,4,0,1228
758,6,0,636
108,5,0,1859
945,6,0,887
353,2,0,1431
369,7,0,524
682,7,0,1717
264,6,0,428
1079,1,0,651
982,3,0,1871
556,7,0,1509
172,6,0,432
750,3,0,1234
557,2,0,348
740,4,0,493
511,3,0,649
107,2,0,765
654,6,0,1718
595,2,0,1876
50,3,0,1136
32,1,0,311
779,1,0,1653
785,2,0,927
396,2,0,1546
312,5,0,356
990,4,1,1643
261,6,2.5,1187
403,5,3,1561
447,3,2,1258
153,7,3.5,1905
842,6,3,1455
463,6,3,1180
359,4,3,1033
266,6,5,517
512,7,2.75,1905
659,5,2,769
1109,4,1,1980
949,1,5,1921
598,3,2,1967
1122,1,5,1506
201,6,2,1360
689,4,1,1089
1054,2,4.5,1084
350,6,4,675
308,1,3,969
1008,2,4,1591
663,3,3,1344
414,4,2.6666666666667,983
974,3,4,1687
15,5,5,813
496,3,2.3333333333333,1569
91,7,4,363
7,5,1,1256
377,3,4,1950
327,5,3.5,1258
1064,6,3.5,1164
84,2,4,1534
180,3,5,1993
1094,2,2.5,1518
921,7,3.3333333333333,924
75,2,2,1554
698,3,3,363
1053,6,3.25,1076
906,1,1,507
82,6,3,703
60,2,2,737
332,7,3,735
837,6,3,1071
466,1,3,501
181,1,1,906
118,1,2,1228
776,4,2,979
441,5,3,1661
145,2,5,380
25,4,2,1518
240,2,2,829
975,6,4,329
160,4,4,571
901,4,5,452
76,6,3,1210
104,3,0,442
212,3,0,519
1096,2,0,1924
802,7,0,633
398,2,0,1665
724,2,0,1959
663,4,0,353
680,6,0,906
276,3,0,936
708,4,0,854
249,5,0,783
818,3,0,564
606,5,0,1098
53,4,0,1533
570,7,0,1274
365,5,0,1038
984,3,0,1720
142,4,0,972
902,5,0,1067
100,7,0,1667
976,4,0,1979
28,2,0,1898
924,4,0,1918
361,5,0,1244
469,5,0,1100
54,1,0,1498
983,1,0,1079
691,5,0,758
935,3,0,1769
653,1,0,1783
3,4,0,1165
1024,3,0,475
1053,1,0,978
679,7,0,883
596,5,0,1473
962,2,0,1142
683,1,0,1549
131,3,0,1465
406,3,0,814
632,5,0,1346
710,3,0,1590
836,5,0,909
639,6,0,676
1097,1,0,980
963,5,0,672
1132,7,2,1387
425,4,3.5,1440
268,6,4,1630
909,6,1,1172
1104,2,5,782
624,2,3,1283
825,5,1,1636
164,1,3,813
80,6,3,1536
289,5,5,504
201,2,2,1245
314,6,2.5,685
1112,3,1,563
683,5,4,842
581,7,3,941
312,3,2,861
1029,2,1,787
455,6,3,1782
814,3,5,504
1095,1,1,1308
623,3,3,1451
579,1,1,984
917,2,2,478
221,5,3,1120
1052,1,3.5,1310
970,5,2.5,1594
546,5,1.5,522
655,7,1.6666666666667,1537
472,2,2,874
1117,1,3,1805
827,3,4,1550
766,4,3,479
618,3,3,1059
378,2,2.3333333333333,609
611,6,2,1089
977,5,3,630
548,2,4,602
1006,7,3.3333333333333,1120
473,5,5,404
1066,3,2,1141
560,4,3.5,694
674,4,4,438
467,7,3,1379
896,5,3,1967
524,3,1,1605
534,4,5,1736
498,4,4,1822
96,4,1,1634
570,5,0,911
1041,7,0,885
592,2,0,354
322,7,0,428
871,2,0,545
46,7,0,415
653,3,0,1138
31,5,0,966
21,6,0,1204
682,5,0,770
553,7,0,1093
85,7,0,1689
766,2,0,1094
907,3,0,1565
846,5,0,800
539,3,0,1423
1124,4,0,365
148,6,0,980
116,1,0,1610
590,1,0,1511
220,6,0,335
416,5,0,628
877,7,0,1399
659,4,0,1054
819,7,0,1956
754,3,0,511
987,5,0,1525
96,5,0,580
40,5,0,817
617,2,0,1907
757,7,0,1568
1067,3,0,1814
410,2,0,380
962,3,0,1308
287,3,0,1140
982,6,0,1042
452,3,0,1934
323,5,0,1067
1092,1,0,1558
845,7,0,1061
976,6,0,1977
647,4,0,1261
892,6,0,1120
60,1,0,1362
958,1,1.5,1209
324,4,5,1401
358,4,2,1293
384,4,2,438
184,4,3,674
407,1,1,814
8,4,3.5,540
829,5,4,1295
688,7,3.3333333333333,468
1121,2,2.75,425
249,3,1,1770
63,1,2,1474
569,3,1.6666666666667,505
864,6,3.5,1785
600,5,3,1153
284,4,3.3333333333333,1992
484,2,2,1349
729,2,3,1257
746,1,4,1515
540,2,5,1216
388,3,2,1130
728,4,4,787
884,7,4,1102
281,2,2,644
78,4,3,1975
1078,4,5,1423
171,6,4,715
1065,3,3,317
216,2,5,1309
676,7,2.5,1142
1128,3,3,551
755,6,3,807
597,5,2,308
500,6,3,1049
1048,1,4,1148
329,2,4,1564
859,1,3,1434
884,4,5,731
802,1,3.5,329
664,2,4,1552
1048,2,3,1212
882,7,2,604
984,4,3,804
409,6,4,785
825,4,4,1932
709,7,5,545
136,6,2,1923
147,4,2.5,1660
340,1,3,829
449,1,0,432
1019,1,0,319
474,5,0,732
715,3,0,1400
1101,7,0,1359
718,2,0,1962
623,1,0,358
804,3,0,1553
778,3,0,801
839,4,0,1164
284,7,0,1333
757,4,0,1718
904,4,0,1941
406,7,0,1285
441,7,0,1067
1021,1,0,1843
161,1,0,1060
1088,4,0,1216
601,6,0,1048
294,1,0,1033
1096,6,0,2000
491,3,0,712
572,2,0,553
1076,6,0,886
800,3,0,1690
508,3,0,502
270,3,0,1230
970,2,0,1562
915,7,0,1483
919,3,0,632
782,5,0,1265
875,5,0,1689
390,3,0,1237
404,3,0,462
100,1,0,1407
453,2,0,1864
682,4,0,1133
1082,7,0,581
850,5,0,820
909,1,0,1931
993,7,0,900
1093,3,0,1952
891,2,2,1940
1056,3,2,1466
387,5,5,1143
515,3,1,679
352,5,4,436
948,5,1,374
286,2,3.5,1038
93,7,2.3333333333333,1229
1080,3,4,1574
991,4,1,1199
735,6,2,808
665,1,3,1490
479,3,1,1221
339,2,4,1662
37,5,4,785
770,1,2,1836
574,1,3,454
356,6,4,1761
849,2,1,525
598,2,1.5,1359
1090,1,1,964
821,2,3,905
301,4,5,1428
1142,3,5,1272
310,1,5,827
1076,7,4,1542
1044,7,2,532
814,7,4,717
640,2,4.2,446
1011,2,1,746
768,4,3,832
1114,4,3,391
595,5,4,1669
40,2,1.3333333333333,955
762,3,1,472
288,4,2,609
57,1,2,1995
777,6,5,1499
1024,4,4,588
804,5,3,1666
204,6,2,449
747,4,2,484
100,5,1,1876
815,4,3.5,1451
196,6,2.5,682
935,1,5,1214
551,6,3.5,1749
1126,7,2,1558
151,1,1,1769
756,5,2,789
670,3,5,1355
665,4,0,1716
871,1,0,1730
594,3,0,620
819,1,0,876
415,4,0,1328
1084,4,0,1361
63,4,0,1223
351,1,0,1173
32,5,0,1445
981,1,0,1339
705,1,0,902
875,4,0,675
1144,7,0,1337
41,6,0,1260
3,7,0,1642
331,4,0,998
722,6,0,569
121,4,0,1085
468,2,0,1786
108,7,0,1323
803,6,0,847
120,4,0,1091
824,2,0,1820
98,7,0,1143
375,4,0,1423
264,2,0,1799
564,1,0,966
245,4,0,1749
427,1,0,767
258,1,0,845
891,5,0,341
1075,5,0,817
572,4,0,1890
1090,3,0,1176
629,4,3.8,1286
8,2,4,2000
1122,5,4,1266
214,2,3,1538
622,4,2,1029
1057,7,1,1790
422,7,4,1737
1015,5,3,358
885,6,3.5,779
252,1,1.5,1149
215,5,3.5,1005
502,2,1,1888
922,5,4,1308
573,1,1,591
1121,6,4,771
998,5,3.25,1113
453,4,4,1276
343,6,4,1737
1086,7,4,1280
748,6,5,797
994,7,3,558
28,7,3,1528
343,1,5,1125
136,5,3.6666666666667,1537
25,3,4,1202
661,2,2,1901
652,1,5,1567
955,1,5,502
524,7,5,385
745,6,2.6666666666667,1595
538,5,1,877
646,1,5,1475
1139,1,2,1331
933,7,3.3333333333333,1133
611,3,5,1811
69,3,5,1105
310,6,3,1762
779,6,1,666
488,3,2.5,1704
101,6,4,1262
994,6,5,1533
613,5,4,1330
230,1,2.3333333333333,1917
192,3,4,1300
783,7,4,1382
238,1,4.1666666666667,1601
97,5,1,1151
300,3,1,1085
1020,4,1,745
53,5,2.6666666666667,1499
855,1,2,1163
548,4,1,1374
489,2,1.5,1470
747,3,1,1284
673,7,3,1436
1123,6,4.5,805
187,1,2.5,797
156,5,2,1323
106,6,3,1285
21,7,0,1577
1089,2,0,1549
376,7,0,970
771,2,0,1775
127,2,0,1577
437,4,0,871
776,1,0,1906
37,6,0,1946
46,6,0,1412
120,6,0,1723
79,4,0,1907
164,4,0,917
107,6,0,1859
657,6,0,791
731,3,0,304
1062,6,0,494
643,1,0,372
324,6,0,1617
625,3,0,1588
685,5,0,764
1141,7,0,316
456,2,0,1641
41,7,0,1422
777,4,0,735
478,3,0,1705
458,5,0,1411
159,5,0,1844
118,4,0,619
195,2,0,882
413,2,0,1306
965,3,0,816
554,5,0,704
588,3,0,1108
952,6,0,1574
537,4,0,1618
601,4,0,1459
876,4,0,979
114,1,0,1675
929,6,0,1093
361,3,0,1621
478,2,0,982
396,4,0,1717
208,1,0,1802
100,3,5,804
212,7,3,1247
179,7,4,1754
779,4,1,586
1018,7,2.5,508
567,3,4,1694
1011,4,5,742
733,7,5,1843
614,4,3,876
923,5,4,1276
28,6,3,552
354,3,4,1643
324,2,2,1800
778,2,1,1724
1026,1,3,1641
134,3,1,779
863,5,2.5,462
106,4,3,1375
817,2,2,1908
400,4,1,1987
1097,6,3,855
936,4,1,1008
711,7,2.5,1009
760,4,1,740
459,7,1,1154
1043,5,1,1209
418,4,4,1189
532,2,2.3333333333333,1114
94,3,5,1229
1103,3,1,1538
346,5,3.3333333333333,868
73,3,2.5,1984
931,7,4,1369
991,1,3,312
337,5,1.5,1257
335,2,1,762
477,7,2,630
1061,5,3.5,1748
316,4,1,1202
404,2,3,1591
477,3,3,1352
545,3,2,1137
450,1,2,1737
656,6,2.5,1875
462,3,3,964
219,4,3,1578
172,4,1,742
614,6,1,875
762,6,3,1955
368,4,5,1269
697,1,0,647
292,6,0,1899
305,4,0,643
556,6,0,542
595,7,0,571
829,6,0,417
1070,6,0,737
483,5,0,1670
904,7,0,1397
367,2,0,879
850,4,0,1201
486,6,0,1324
689,2,0,1246
339,6,0,322
556,2,0,393
794,6,0,835
726,7,0,1106
474,2,0,828
862,4,0,1126
562,1,0,1569
881,1,0,1498
984,6,0,1368
486,1,0,1381
697,4,0,763
196,3,0,1054
508,1,0,848
429,4,0,1389
890,6,0,523
329,4,0,1657
245,6,0,1700
662,2,0,1937
980,4,0,1949
1117,2,0,961
377,7,0,619
263,2,0,1670
836,6,0,897
796,3,0,434
490,2,0,1199
574,5,0,1387
1135,2,0,1199
1145,1,3.25,861
844,4,2,331
848,2,3.5,856
162,1,3,626
567,4,5,319
241,2,4,1768
1019,4,2.6666666666667,657
964,7,3,360
392,4,4.3333333333333,1579
53,6,1,1552
325,3,4,1829
755,3,4,858
346,3,5,1298
1038,1,5,396
266,3,2,1852
580,3,3,1722
616,1,1.75,1192
517,2,3,1613
657,5,2.6666666666667,574
925,6,4,1435
342,2,3,347
372,6,2.3333333333333,616
206,2,2,1258
922,1,5,1900
282,3,4,1801
128,2,3.6666666666667,1367
752,5,2.5,1403
711,4,4,1373
1029,1,4,1062
1128,5,3,510
576,5,4,570
996,4,2,1791
1050,3,3,697
906,2,3,1425
958,2,3.3333333333333,1666
973,1,4,1779
606,6,4,1930
221,7,2,1788
203,7,1,1621
1124,5,1,1788
890,4,2.6666666666667,1412
313,7,5,855
307,6,2,1673
148,1,4,1712
596,4,3.5,439
633,3,1,1629
318,6,3.5,672
919,5,1,1663
628,7,3,1523
1007,7,2,1316
921,6,4,1202
668,5,4,942
624,4,4,1394
176,3,0,1512
296,5,0,1006
699,1,0,1414
1061,1,0,650
816,2,0,340
680,4,0,1153
348,5,0,1256
420,3,0,927
179,2,0,899
132,3,0,1125
1095,5,0,1079
547,2,0,310
1023,5,0,1799
964,6,0,715
428,4,0,938
198,6,0,1631
779,3,0,1188
1084,7,0,1150
232,7,0,1330
919,1,0,1263
469,7,0,1690
1005,3,0,1227
331,6,0,1738
77,4,0,540
1136,1,0,845
208,6,0,597
421,2,0,1731
738,7,0,1190
1140,7,0,1691
518,2,0,1645
463,1,0,910
521,2,0,1917
971,2,0,1717
983,2,0,556
969,4,0,881
466,5,0,1531
710,5,0,602
636,7,0,1101
367,5,0,1568
105,5,0,1023
725,2,0,1062
450,3,2,1833
408,4,2,628
563,2,3,841
859,6,3,1069
838,2,5,1610
953,1,5,858
203,1,3,1919
827,1,1,555
583,4,2,699
624,1,2,676
1070,3,5,1473
117,1,3.5,503
649,3,5,1841
6,2,2.5,815
169,5,2,1516
772,4,1,1483
798,7,1,347
942,4,2,1943
114,2,3.5,418
574,7,4,1703
539,7,5,1898
32,2,5,1448
100,4,4,1655
1060,4,2,364
611,2,4,612
481,3,2,1901
350,1,5,900
690,6,5,623
971,1,3,723
38,4,2,1300
242,4,3,370
293,2,1.5,1615
529,6,3,925
359,2,3,1333
666,3,2,1551
841,6,3,1744
851,3,2.5,1702
752,3,1,1665
157,1,1,1749
712,2,5,1484
436,1,1,519
1132,4,4,1912
480,2,4,1482
304,7,4,533
920,2,3,513
135,3,4,1365
569,5,4.6666666666667,1370
799,1,3.3333333333333,1780
289,3,2.5,1541
279,6,4.5,950
925,5,3,1172
291,6,4.5,540
1089,5,0,1295
859,3,0,1450
1101,1,0,306
114,4,0,1546
350,7,0,506
713,5,0,1287
378,4,0,367
39,6,0,562
1100,1,0,1341
562,6,0,1035
264,1,0,1402
1019,5,0,1297
898,3,0,1660
538,3,0,887
791,1,0,1450
1020,6,0,1570
108,3,0,1137
42,4,0,387
219,2,0,1515
615,5,0,1094
1092,7,0,405
836,7,0,973
1083,7,0,1176
399,6,0,1136
730,4,0,1054
539,6,0,1154
149,4,0,605
667,1,0,1091
631,4,0,1773
719,2,0,1195
455,3,0,1715
130,1,0,1892
764,1,0,1785
328,6,0,1100
260,1,0,1974
220,3,0,1917
474,3,0,513
393,5,0,1727
312,1,0,868
610,1,2,951
562,3,5,925
793,2,3,1968
490,4,2,869
169,6,1,470
403,2,1,1780
263,3,1,1021
173,5,1,969
799,4,2,1329
364,3,3.5,1851
154,6,2,1207
811,5,3,1922
457,3,5,1599
648,1,2,1923
125,3,5,1405
446,2,3,1820
283,6,5,1118
689,1,3,1442
58,4,4.5,691
274,6,4,626
947,4,5,1840
591,7,4,1147
257,7,5,674
786,5,3,1707
788,6,2,1787
188,2,3.5,1309
536,6,1,719
967,3,1,502
391,2,3,434
522,6,3,1988
34,2,1,698
290,7,4,1126
1100,5,2,765
121,7,5,763
764,6,3,1451
525,7,3,352
145,4,4,1963
121,5,4,817
880,1,3.4,775
737,7,5,696
515,4,2,1265
252,7,3.5,1076
895,5,4,314
626,7,2.3333333333333,1473
91,5,2.75,819
601,3,1,1316
1105,4,3,1127
66,7,5,1133
636,3,2,1440
966,7,4,1023
67,4,5,1822
753,6,4,1268
695,2,3.5,963
445,1,4,1746
572,5,0,1763
718,3,0,1428
875,7,0,1083
1146,4,0,603
567,5,0,666
405,7,0,1781
763,4,0,1865
1069,4,0,427
979,2,0,1495
878,7,0,1235
321,6,0,463
324,1,0,1164
799,2,0,1862
599,1,0,1474
30,5,0,1478
931,4,0,1791
845,3,0,536
21,3,0,1006
55,7,0,1946
538,4,0,1298
849,4,0,1935
154,3,0,392
967,5,0,881
115,1,0,1669
771,5,0,1863
338,5,0,1946
1024,7,0,1566
490,3,0,1248
822,2,0,368
265,7,0,1835
267,1,0,585
297,2,0,1854
890,2,0,1492
737,2,0,1060
717,3,1,1424
342,4,3,1582
545,1,1,1369
408,2,2.5,926
1094,7,3.5,1195
669,4,2,877
56,1,2,1239
237,4,4.6666666666667,1677
844,5,5,1373
169,3,3,1783
1077,7,4,607
70,3,4.5,1769
828,6,2,900
677,7,1,991
979,7,4,1698
52,2,3.3333333333333,1314
955,7,3,1380
1026,2,4,1164
947,3,1,1876
398,5,4,1270
173,2,2,1960
10,4,2.6666666666667,697
287,1,5,314
510,3,4,1822
913,2,3.5,453
1014,1,5,1964
283,4,2,914
613,6,3,896
461,2,2,763
24,2,4,1081
861,3,3,1595
754,5,5,600
778,1,1.6666666666667,1963
724,6,1,622
449,5,1,1174
753,2,2,1977
759,4,3,944
634,5,5,1534
512,5,2,587
1063,7,4,357
96,6,2,1220
297,1,1,811
1085,2,4,343
916,7,4,1403
1106,3,3,587
303,1,5,1874
804,6,3.5,325
25,2,3,894
237,6,2.6666666666667,361
1059,7,3,664
79,5,2.5,1346
530,6,5,1656
835,2,2,1356
317,5,4,1106
1020,3,2,1145
1041,3,4.5,652
35,5,3.5,1897
826,6,4,696
602,2,4,1953
81,7,0,541
1028,4,0,821
667,5,0,1187
235,3,0,1943
242,3,0,1419
467,1,0,1634
1144,2,0,1705
1141,3,0,1006
461,4,0,972
833,4,0,1289
405,3,0,1975
170,6,0,1166
770,6,0,1600
942,7,0,1727
1146,7,0,803
854,6,0,1981
1023,2,0,1117
229,6,0,776
985,7,0,592
664,6,0,1199
535,7,0,531
149,2,0,567
120,2,0,1166
331,1,0,379
368,2,0,1228
610,6,0,1262
461,6,0,742
1143,1,0,1646
921,3,0,1780
553,5,0,1565
216,1,0,1996
942,6,0,1431
483,3,0,359
1061,7,0,901
1030,4,5,1818
977,6,2.5,491
473,7,1,425
564,4,5,740
591,4,2,1328
160,3,3.5,942
835,7,2.5,1403
415,2,3,1985
902,1,1,840
190,5,1.75,1361
617,1,2.6666666666667,417
975,1,1.5,566
307,7,2,970
427,5,2,1257
723,7,4,1838
999,7,3,1375
918,6,5,701
791,2,5,1430
911,3,4.5,468
412,1,1.75,1836
537,6,3.5,1442
767,2,1,1066
587,1,4,912
1098,6,2,1000
1000,3,3.5,326
790,7,3.6666666666667,947
504,6,4,1416
1092,5,3,1519
832,3,1,1201
341,7,4,1945
972,4,1,1741
450,5,1,1958
1084,6,3,1429
18,4,3,1759
1118,6,1,769
677,2,3,1688
488,6,2,1079
175,2,5,420
728,6,2,1690
439,2,3,1007
993,4,3,301
1114,7,3,1620
423,5,1,1629
1124,7,3.5,1361
221,4,4,1869
161,4,2.5,1925
9,6,2,1986
1133,1,2,1939
254,6,3,1554
788,1,2,1360
839,6,4,1063
895,3,5,1772
77,7,1,657
916,2,2,1511
51,5,3,700
758,4,3,389
730,1,4,1208
437,6,4,1667
616,7,2,782
690,5,0,552
1145,7,0,735
23,4,0,1967
33,5,0,1629
185,7,0,1136
7,2,0,1783
533,3,0,1651
530,7,0,821
385,2,0,1219
669,5,0,481
1106,2,0,1700
294,6,0,1584
502,4,0,996
797,2,0,1875
641,7,0,855
179,1,0,1102
159,7,0,563
498,7,0,993
992,4,0,1584
989,5,0,641
421,1,0,890
664,4,0,1545
1136,4,0,1419
882,5,0,1042
333,1,0,1530
688,6,0,1443
270,6,0,709
13,4,0,578
689,6,0,1682
1064,2,0,742
67,1,0,1300
86,2,2,1742
1119,2,2,1082
949,3,3,1305
734,6,1,1005
104,5,5,848
785,4,3,1578
825,7,5,1842
33,6,3.5,466
734,5,2,1766
767,5,2,1697
277,2,3,1232
345,7,1,1887
449,7,5,388
161,7,1,1828
583,6,3,397
35,6,2.5,629
864,3,3,401
649,2,2,628
564,7,3,1215
581,4,2,1664
86,6,1,1921
1102,4,2,1034
782,7,3,516
859,5,3,1346
1127,7,3.6666666666667,848
261,4,2,1392
369,3,3,406
691,7,3,1306
244,2,2.5,1278
614,7,4,1731
436,5,1,759
623,5,3.3333333333333,1478
497,7,3,1438
1135,6,5,1777
321,2,2,1781
637,1,1.6666666666667,602
828,1,2,1635
148,5,4,1854
384,6,3.5,669
680,5,5,1180
297,5,2,901
603,7,4.3333333333333,1803
116,4,3.5,362
336,1,4,1492
547,1,2.5,1570
49,3,5,1033
997,1,4.5,820
591,1,3,1421
1075,6,2.3333333333333,1064
1059,2,3.5,1834
1078,6,5,986
209,1,4.5,1543
807,1,4,1521
684,6,4,1353
338,2,3.5,1926
472,6,5,1677
399,5,3,1172
359,3,2,1805
1087,2,4,1898
1060,1,1.5,342
11,6,1,1038
337,3,2.5,714
594,2,0,1332
876,3,0,694
255,3,0,486
743,3,0,1195
1064,5,0,1100
967,2,0,1910
516,1,0,554
821,5,2,451
834,4,5,468
143,3,5,1204
852,5,4,593
99,3,4,1910
995,7,3,1917
563,5,3,354
1073,2,2,1102
233,2,5,956
227,6,1.3333333333333,1061
188,3,3,1144
225,6,1,1233
630,7,3,1573
206,5,3,451
828,3,2.6666666666667,1174
487,6,2,608
1003,4,3,1065
222,3,4.5,541
519,6,5,1871
182,2,1,1489
847,6,2,1169
443,3,2,843
674,2,1.5,1193
1081,4,4,1916
204,5,3,834
277,6,4,1013
865,5,4.5,858
383,4,2.4,639
243,5,2,1614
341,6,4,1052
796,4,3,363
81,1,5,1108
964,1,2,1247
429,2,3,616
331,2,4,385
824,1,4.3333333333333,1810
1062,7,3,1318
129,7,1,1111
936,7,3,560
772,1,4,1462
666,5,2,432
755,1,1,1390
157,5,3,1403
698,2,2,315
180,5,4,428
508,5,5,1105
220,1,1.5,1371
292,5,5,1929
1136,2,2,1132
1126,5,1.6666666666667,614
944,7,2.5,860
882,1,1,748
924,6,1,1536
110,7,1,1368
1115,4,3,1832
264,5,4.5,1685
432,5,1.6666666666667,761
994,2,3,776
28,5,2,1019
17,1,3.6666666666667,982
917,6,1,1158
1007,4,3,1482
627,2,3,632
53,1,5,1996
553,6,5,518
144,6,2,1431
279,7,2,1395
110,4,2,328
868,6,4,1833
166,7,3.2857142857143,1436
1091,7,5,748
1044,6,4,896
120,5,3,1638
987,2,2,1198
1106,5,4,1632
530,5,1.5,505
599,3,1,1200
305,5,2,657
615,7,3.6666666666667,970
893,5,2,1528
260,6,3,341
446,3,3,426
411,7,2.5,497
1,2,4,555
609,3,3,748
999,5,2.3333333333333,1811
1080,1,2,617
714,2,3,422
862,3,3,1713
167,1,3,1976
753,5,3,1120
294,7,2,1361
199,5,2.5,1906
445,7,3.3333333333333,1944
60,3,2,635
211,4,4,1055
758,2,4.3333333333333,1152
883,1,5,400
1095,4,2,1195
1012,4,4,1633
1030,5,1,473
645,3,2.5,1623
793,5,5,1493
671,4,3.6666666666667,670
880,2,3,1460
5,6,4.5,1833
1070,4,3,756
1082,1,2,1598
151,6,3,1037
527,2,5,1428
495,1,2,811
951,5,2.5,1521
612,4,5,1515
71,4,4.5,1306
698,4,4,479
36,5,2,899
735,2,5,882
318,2,1,1320
499,7,3,1665
800,7,2,879
434,4,3.5,1411
233,7,1,1874
900,7,1,451
162,6,2,1232
206,1,2,617
628,5,2.3333333333333,1752
998,1,4,1212
142,6,4,1161
910,4,2.5,1007
979,3,2,1028
219,7,5,1267
344,3,4,1507
1035,7,5,1627
47,6,2.6666666666667,953
146,1,2.6666666666667,625
427,2,3,1800
753,4,5,628
1136,6,2,553
534,3,2,1362
901,6,4,487
636,4,4.5,325
690,1,1,1478
448,1,3,1293
226,2,3.6666666666667,1779
276,1,5,307
702,5,3,1409
1036,2,3,1312
604,5,3,939
934,6,5,527
4,6,2.3333333333333,1814
297,7,2,746
1083,1,2,1089
327,3,1,1355
770,5,5,1426
328,1,1,1242
1108,2,3,1521
892,5,2,1803
937,7,3,813
440,6,5,441
423,2,2,1604
1100,7,5,1519
739,7,3,491
702,1,3,1616
143,5,2.3333333333333,1233
1074,3,2.25,1873
351,6,3,773
87,1,3,739
559,7,3,1471
94,6,4,516
550,4,2,567
490,6,5,1809
321,3,3,1568
1034,2,4,1327
60,7,3,650
70,6,2,1731
288,3,1,1082
651,7,3,936
12,6,1,1506
325,5,2,366
